,Recall@1,Recall@3,Recall@5,Recall@10,MRR
TF-IDF,0.08,0.2,0.24,0.4,0.16613492063492064
Dense (BGE),0.2,0.42,0.64,0.78,0.36729365079365073
