,Recall@1,Recall@3,Recall@5,Recall@10,MRR
TF-IDF (Sparse),0.07,0.16,0.208,0.292,0.12817777777777778
Dense (FAISS),0.096,0.248,0.388,0.52,0.2072857142857143
Hybrid (RRF),0.106,0.206,0.296,0.442,0.18593333333333337
